en,ha,yo
convulsion,,
fits,,
unconscious,,
very sleepy,,
lethargic,,
unable to drink,,
not able to drink,,
unable to breastfeed,,
not feeding,,
vomits everything,,
chest indrawing,,
stridor,,
difficulty breathing,,
heavy bleeding,,
bleeding in pregnancy,,
severe headache and blurred vision,,
blurred vision in pregnancy,,
severe abdominal pain in pregnancy,,
swollen face and hands,,
baby not moving,,
cord prolapse,,
labour more than 12 hours,,
newborn not breathing,,
yellow palms,,
cold to touch,,
stiff neck,,
snake bite,,
poisoning,,
suicidal,,
