subset,lang,metric,base,ilera,diff,ci_low,ci_high,n,significant
main,en,action_ok,0.0408,0.6633,0.6224,0.551,0.699,196,True
main,en,under_referral,0.9592,0.1735,-0.7857,-0.8418,-0.7296,196,True
main,en,over_referral,0.0,0.1633,0.1633,0.1122,0.2194,196,True
main,en,action_ok_lenient,0.3163,0.6633,0.3469,0.2551,0.4388,196,True
main,en,under_referral_lenient,0.4235,0.1735,-0.25,-0.3265,-0.1735,196,True
main,en,format_ok,0.1939,1.0,0.8061,0.75,0.8622,196,True
main,en,key_fact_recall,0.1356,0.2755,0.1399,0.0918,0.1888,196,True
main,en,source_ok,0.0,0.2602,0.2602,0.2041,0.3265,196,True
main,en,same_language,1.0,1.0,0.0,0.0,0.0,195,False
main,ha,action_ok,0.0,0.6933,0.6933,0.62,0.7667,150,True
main,ha,under_referral,1.0,0.1667,-0.8333,-0.8933,-0.7733,150,True
main,ha,over_referral,0.0,0.14,0.14,0.0867,0.1933,150,True
main,ha,action_ok_lenient,0.22,0.6933,0.4733,0.38,0.56,150,True
main,ha,under_referral_lenient,0.6733,0.1667,-0.5067,-0.5868,-0.4267,150,True
main,ha,format_ok,0.0,0.9933,0.9933,0.98,1.0,150,True
main,ha,key_fact_recall,0.0078,0.1833,0.1756,0.1389,0.2161,150,True
main,ha,source_ok,0.0,0.2667,0.2667,0.1933,0.34,150,True
main,ha,same_language,0.8933,1.0,0.1067,0.06,0.1533,150,True
main,yo,action_ok,0.0067,0.6,0.5933,0.52,0.6733,150,True
main,yo,under_referral,0.9933,0.22,-0.7733,-0.84,-0.7067,150,True
main,yo,over_referral,0.0,0.18,0.18,0.12,0.2467,150,True
main,yo,action_ok_lenient,0.24,0.6,0.36,0.26,0.4533,150,True
main,yo,under_referral_lenient,0.62,0.22,-0.4,-0.4933,-0.3067,150,True
main,yo,format_ok,0.02,0.9933,0.9733,0.9467,0.9933,150,True
main,yo,key_fact_recall,0.0094,0.2178,0.2083,0.1728,0.2456,150,True
main,yo,source_ok,0.0,0.2067,0.2067,0.1467,0.2733,150,True
main,yo,same_language,0.4733,1.0,0.5267,0.4467,0.6067,150,True
probe,en,action_ok,0.0,0.7778,0.7778,0.4444,1.0,9,True
probe,en,under_referral,1.0,0.1111,-0.8889,-1.0,-0.6667,9,True
probe,en,over_referral,0.0,0.1111,0.1111,0.0,0.3333,9,False
probe,en,action_ok_lenient,0.0,0.7778,0.7778,0.4444,1.0,9,True
probe,en,under_referral_lenient,0.7778,0.1111,-0.6667,-0.8889,-0.3333,9,True
probe,en,format_ok,0.0,1.0,1.0,1.0,1.0,9,True
probe,en,key_fact_recall,0.1111,0.3333,0.2222,0.0833,0.3889,9,True
probe,en,source_ok,0.0,0.0,0.0,0.0,0.0,9,False
probe,en,same_language,1.0,1.0,0.0,0.0,0.0,9,False
main,ALL,action_ok,0.0181,0.6532,0.6351,0.5948,0.6774,496,True
main,ALL,under_referral,0.9819,0.1855,-0.7964,-0.8327,-0.7621,496,True
main,ALL,over_referral,0.0,0.1613,0.1613,0.129,0.1916,496,True
main,ALL,action_ok_lenient,0.2641,0.6532,0.3891,0.3326,0.4476,496,True
main,ALL,under_referral_lenient,0.5585,0.1855,-0.373,-0.4254,-0.3246,496,True
main,ALL,format_ok,0.0827,0.996,0.9133,0.8891,0.9375,496,True
main,ALL,key_fact_recall,0.0588,0.2302,0.1714,0.147,0.1959,496,True
main,ALL,source_ok,0.0,0.246,0.246,0.2097,0.2843,496,True
main,ALL,same_language,0.8081,1.0,0.1919,0.1576,0.2283,495,True
