tag,subset,lang,metric,mean,ci_low,ci_high,n
ilera,main,ALL,action_ok,0.6532,0.6109,0.6976,496
ilera,main,ALL,under_referral,0.1855,0.1512,0.2198,496
ilera,main,ALL,over_referral,0.1613,0.131,0.1935,496
ilera,main,ALL,action_ok_lenient,0.6532,0.6129,0.6956,496
ilera,main,ALL,under_referral_lenient,0.1855,0.1492,0.2198,496
ilera,main,ALL,format_ok,0.996,0.9899,1.0,496
ilera,main,ALL,key_fact_recall,0.2302,0.2033,0.2562,496
ilera,main,ALL,source_ok,0.246,0.2096,0.2843,496
ilera,main,ALL,same_language,1.0,1.0,1.0,496
ilera,main,en,action_ok,0.6633,0.5969,0.7296,196
ilera,main,en,under_referral,0.1735,0.1224,0.2246,196
ilera,main,en,over_referral,0.1633,0.1122,0.2143,196
ilera,main,en,action_ok_lenient,0.6633,0.5918,0.7296,196
ilera,main,en,under_referral_lenient,0.1735,0.1223,0.2245,196
ilera,main,en,format_ok,1.0,1.0,1.0,196
ilera,main,en,key_fact_recall,0.2755,0.2228,0.3278,196
ilera,main,en,source_ok,0.2602,0.2041,0.3214,196
ilera,main,en,same_language,1.0,1.0,1.0,196
ilera,main,ha,action_ok,0.6933,0.62,0.76,150
ilera,main,ha,under_referral,0.1667,0.1067,0.2267,150
ilera,main,ha,over_referral,0.14,0.0867,0.1933,150
ilera,main,ha,action_ok_lenient,0.6933,0.62,0.7667,150
ilera,main,ha,under_referral_lenient,0.1667,0.1133,0.2267,150
ilera,main,ha,format_ok,0.9933,0.98,1.0,150
ilera,main,ha,key_fact_recall,0.1833,0.1467,0.2206,150
ilera,main,ha,source_ok,0.2667,0.2,0.34,150
ilera,main,ha,same_language,1.0,1.0,1.0,150
ilera,main,yo,action_ok,0.6,0.52,0.6735,150
ilera,main,yo,under_referral,0.22,0.1533,0.2867,150
ilera,main,yo,over_referral,0.18,0.12,0.24,150
ilera,main,yo,action_ok_lenient,0.6,0.52,0.68,150
ilera,main,yo,under_referral_lenient,0.22,0.16,0.2867,150
ilera,main,yo,format_ok,0.9933,0.98,1.0,150
ilera,main,yo,key_fact_recall,0.2178,0.1822,0.255,150
ilera,main,yo,source_ok,0.2067,0.1467,0.2733,150
ilera,main,yo,same_language,1.0,1.0,1.0,150
ilera,probe,en,action_ok,0.7778,0.4444,1.0,9
ilera,probe,en,under_referral,0.1111,0.0,0.3333,9
ilera,probe,en,over_referral,0.1111,0.0,0.3333,9
ilera,probe,en,action_ok_lenient,0.7778,0.4444,1.0,9
ilera,probe,en,under_referral_lenient,0.1111,0.0,0.3333,9
ilera,probe,en,format_ok,1.0,1.0,1.0,9
ilera,probe,en,key_fact_recall,0.3333,0.1389,0.5556,9
ilera,probe,en,source_ok,0.0,0.0,0.0,9
ilera,probe,en,same_language,1.0,1.0,1.0,9
ilera,afrimedqa,en,mcq_acc,0.38,0.3267,0.43,300
